<?xml version="1.0" encoding="UTF-8"?>
<!DOCTYPE mapper PUBLIC "-//mybatis.org//DTD Mapper 3.0//EN" "http://mybatis.org/dtd/mybatis-3-mapper.dtd">

<mapper namespace="com.qiqiim.webserver.user.dao.UserInfoDao">

	<!-- 可根据自己的需求，是否要使用 -->
    <resultMap type="com.qiqiim.webserver.user.model.UserInfoEntity" id="userInfoMap">
        <result property="id" column="id"/>
        <result property="uid" column="uid"/>
        <result property="deptid" column="deptid"/>
        <result property="name" column="name"/>
        <result property="nickname" column="nickname"/>
        <result property="sex" column="sex"/>
        <result property="birthday" column="birthday"/>
        <result property="cardid" column="cardid"/>
        <result property="signature" column="signature"/>
        <result property="school" column="school"/>
        <result property="education" column="education"/>
        <result property="address" column="address"/>
        <result property="phone" column="phone"/>
        <result property="email" column="email"/>
        <result property="remark" column="remark"/>
        <result property="profilephoto" column="profilephoto"/>
        <result property="createdate" column="createdate"/>
        <result property="createuser" column="createuser"/>
        <result property="updatedate" column="updatedate"/>
        <result property="updateuser" column="updateuser"/>
    </resultMap>
    
  <sql id="Base_Column_List" > 
  	  	     id ,  	        
  	  	     uid ,  	        
  	  	     deptid ,  	        
  	  	     name ,  	        
  	  	     nickname ,  	        
  	  	     sex ,  	        
  	  	     birthday ,  	        
  	  	     cardid ,  	        
  	  	     signature ,  	        
  	  	     school ,  	        
  	  	     education ,  	        
  	  	     address ,  	        
  	  	     phone ,  	        
  	  	     email ,  	        
  	  	     remark ,  	        
  	  	     profilephoto ,  	        
  	  	     createdate ,  	        
  	  	     createuser ,  	        
  	  	     updatedate ,  	        
  	  	     updateuser   	        
  	  
  </sql>

	<select id="queryObject" resultType="com.qiqiim.webserver.user.model.UserInfoEntity">
		select  <include refid="Base_Column_List" />  from user_info where id = #{value}
	</select>
	
	<select id="queryByUid"  parameterType="long" resultType="com.qiqiim.webserver.user.model.UserInfoEntity">
		select  <include refid="Base_Column_List" />  from user_info where uid = #{id}
	</select>

	<select id="queryList" resultType="com.qiqiim.webserver.user.model.UserInfoEntity">
		select  <include refid="Base_Column_List" />  from user_info
        <choose>
            <when test="sidx != null and sidx.trim() != ''">
                order by ${sidx} ${order}
            </when>
			<otherwise>
                order by id desc
			</otherwise>
        </choose>
		<if test="offset != null and limit != null">
			limit #{offset}, #{limit}
		</if>
	</select>
	
 	<select id="queryTotal" resultType="int">
		select count(*) from user_info 
	</select>
	 
	<insert id="save" parameterType="com.qiqiim.webserver.user.model.UserInfoEntity" useGeneratedKeys="true" keyProperty="id">
		insert into user_info
		(
			`uid`, 
			`deptid`, 
			`name`, 
			`nickname`, 
			`sex`, 
			`birthday`, 
			`cardid`, 
			`signature`, 
			`school`, 
			`education`, 
			`address`, 
			`phone`, 
			`email`, 
			`remark`, 
			`profilephoto`, 
			`createdate`, 
			`createuser`, 
			`updatedate`, 
			`updateuser`
		)
		values
		(
			#{uid}, 
			#{deptid}, 
			#{name}, 
			#{nickname}, 
			#{sex}, 
			#{birthday}, 
			#{cardid}, 
			#{signature}, 
			#{school}, 
			#{education}, 
			#{address}, 
			#{phone}, 
			#{email}, 
			#{remark}, 
			#{profilephoto}, 
			NOW(), 
			#{uid}, 
			NOW(), 
			#{uid}
		)
	</insert>
	 
	<update id="update" parameterType="com.qiqiim.webserver.user.model.UserInfoEntity">
		update user_info 
		<set>
			<if test="uid != null">`uid` = #{uid}, </if>
			<if test="deptid != null">`deptid` = #{deptid}, </if>
			<if test="name != null">`name` = #{name}, </if>
			<if test="nickname != null">`nickname` = #{nickname}, </if>
			<if test="sex != null">`sex` = #{sex}, </if>
			<if test="birthday != null">`birthday` = #{birthday}, </if>
			<if test="cardid != null">`cardid` = #{cardid}, </if>
			<if test="signature != null">`signature` = #{signature}, </if>
			<if test="school != null">`school` = #{school}, </if>
			<if test="education != null">`education` = #{education}, </if>
			<if test="address != null">`address` = #{address}, </if>
			<if test="phone != null">`phone` = #{phone}, </if>
			<if test="email != null">`email` = #{email}, </if>
			<if test="remark != null">`remark` = #{remark}, </if>
			<if test="profilephoto != null">`profilephoto` = #{profilephoto}, </if>
			<if test="createdate != null">`createdate` = #{createdate}, </if>
			<if test="createuser != null">`createuser` = #{createuser}, </if>
			<if test="updatedate != null">`updatedate` = #{updatedate}, </if>
			<if test="updateuser != null">`updateuser` = #{updateuser}</if>
		</set>
		where id = #{id}
	</update>
	
	<delete id="delete">
		delete from user_info where id = #{value}
	</delete>
	
	<delete id="deleteBatch">
		delete from user_info where id in 
		<foreach item="id" collection="array" open="(" separator="," close=")">
			#{id}
		</foreach>
	</delete>

</mapper>