<?xml version="1.0" encoding="UTF-8"?>
<beans xmlns="http://www.springframework.org/schema/beans" 
xmlns:xsi="http://www.w3.org/2001/XMLSchema-instance"
xmlns:p="http://www.springframework.org/schema/p" 
xmlns:cache="http://www.springframework.org/schema/cache"
xsi:schemaLocation="http://www.springframework.org/schema/beans 
http://www.springframework.org/schema/beans/spring-beans-4.1.xsd  ">

   <bean id="jedisPoolConfig" class="redis.clients.jedis.JedisPoolConfig">
        <property name="maxTotal" value="${redis.maxTotal}"/>
        <property name="maxIdle" value="${redis.maxIdle}"/>
        <property name="minIdle" value="${redis.minIdle}"/>
        <property name="maxWaitMillis" value="${redis.maxWaitMillis}"/>
    </bean>

	 <bean id="jedisConnectionFactory" class="org.springframework.data.redis.connection.jedis.JedisConnectionFactory">
        <property name="hostName" value="${redis.host}"/>
        <property name="port" value="${redis.port}"/>
        <property name="database" value="${redis.index}"/>
        <!--<property name="password" value="${redis.pass}" />-->
        <property name="usePool" value="true" />
        <property name="poolConfig" ref="jedisPoolConfig"/>
    </bean>
    
     <!-- key序列化 -->  
    <bean id="stringRedisSerializer" class="org.springframework.data.redis.serializer.StringRedisSerializer" />
    
    <bean id="stringRedisTemplate" class="org.springframework.data.redis.core.StringRedisTemplate"  > 
     <property name="connectionFactory" ref="jedisConnectionFactory"/>
    </bean> 

    <bean id="redisTemplate" class="org.springframework.data.redis.core.RedisTemplate" p:keySerializer-ref="stringRedisSerializer"  p:hashKeySerializer-ref="stringRedisSerializer" >
        <property name="connectionFactory" ref="jedisConnectionFactory"/>
    </bean>

    <bean id="cacheManager" class="org.springframework.data.redis.cache.RedisCacheManager">
        <constructor-arg ref="redisTemplate"/>
        <property name="transactionAware" value="true" />
        <property name="defaultExpiration" value="86400"/>
   </bean>
  
   <!--<cache:annotation-driven cache-manager="cacheManager"></cache:annotation-driven>-->
 
</beans>