<?xml version="1.0" encoding="UTF-8" ?>
<!DOCTYPE mapper PUBLIC "-//mybatis.org//DTD Mapper 3.0//EN" "http://mybatis.org/dtd/mybatis-3-mapper.dtd" >
<mapper namespace="kingim.dao.GroupMapper" >
  <resultMap id="BaseResultMap" type="kingim.model.Group" >
    <!--
      WARNING - @mbg.generated
    -->
    <id column="id" property="id" jdbcType="INTEGER" />
    <result column="group_num" property="groupNum" jdbcType="VARCHAR" />
    <result column="group_name" property="groupName" jdbcType="VARCHAR" />
    <result column="avatar" property="avatar" jdbcType="VARCHAR" />
    <result column="user_id" property="userId" jdbcType="INTEGER" />
    <result column="build_time" property="buildTime" jdbcType="TIMESTAMP" />
    <result column="description" property="description" jdbcType="VARCHAR" />
    <result column="status" property="status" jdbcType="INTEGER" />
  </resultMap>
</mapper>