<?xml version="1.0" encoding="UTF-8" ?>
<!DOCTYPE mapper PUBLIC "-//mybatis.org//DTD Mapper 3.0//EN" "http://mybatis.org/dtd/mybatis-3-mapper.dtd" >
<mapper namespace="kingim.dao.UserMapper" >
  <resultMap id="BaseResultMap" type="kingim.model.User" >
    <!--
      WARNING - @mbg.generated
    -->
    <id column="id" property="id" jdbcType="INTEGER" />
    <result column="user_name" property="userName" jdbcType="VARCHAR" />
    <result column="password" property="password" jdbcType="VARCHAR" />
    <result column="nick_name" property="nickName" jdbcType="VARCHAR" />
    <result column="gender" property="gender" jdbcType="INTEGER" />
    <result column="avatar" property="avatar" jdbcType="VARCHAR" />
    <result column="email" property="email" jdbcType="VARCHAR" />
    <result column="phone" property="phone" jdbcType="VARCHAR" />
    <result column="role_code" property="roleCode" jdbcType="INTEGER" />
    <result column="version" property="version" jdbcType="VARCHAR" />
    <result column="sign" property="sign" jdbcType="VARCHAR" />
  </resultMap>
  
  	<resultMap type="kingim.model.User" id="JoinMap" extends="BaseResultMap">
		<id property="id" column="id" />
	</resultMap>
	
</mapper>