<?xml version="1.0" encoding="UTF-8"?>
<!DOCTYPE log4j:configuration SYSTEM "log4j.dtd">
<log4j:configuration xmlns:log4j="http://jakarta.apache.org/log4j/" debug="false">
	<appender name="CONSOLE" class="org.apache.log4j.ConsoleAppender">
		<layout class="org.apache.log4j.PatternLayout">
			<param name="ConversionPattern" value="[%d{dd/MM/yy hh:mm:ss:sss z}] %5p %c{2}: %m%n" />
		</layout>
	</appender>
	<appender name="FILE" class="org.apache.log4j.RollingFileAppender">
		<param name="file" value="${user.home}/framework.log" />
		<param name="append" value="true" />
		<param name="maxFileSize" value="10MB" />
		<param name="maxBackupIndex" value="100" />
		<layout class="org.apache.log4j.PatternLayout">
			<param name="ConversionPattern" value="%d [%t] %-5p %C{6} (%F:%L) - %m%n" />
		</layout>
	</appender>
	
	<appender name="consoleAppender" class="org.apache.log4j.ConsoleAppender">  
        <layout class="org.apache.log4j.PatternLayout">  
            <param name="ConversionPattern" value="[%d{yyyy-MM-dd HH:mm:ss.SSS}]-[%c]-[%t] %x - %m%n"/>  
        </layout>  
    </appender>  
	
	<!-- 打印myBatis的sql语句 -->
	
	    <!-- Mybatis and SQL -->  
    <logger name="org.apache.ibatis" additivity="true">  
        <level value="DEBUG"/>  
        <appender-ref ref="consoleAppender"/>  
    </logger>  
  
    <logger name="org.mybatis.spring" additivity="true">  
        <level value="DEBUG"/>  
        <appender-ref ref="consoleAppender"/>  
    </logger>  
    <logger name="java.sql" additivity="true">  
        <level value="DEBUG"/>  
        <appender-ref ref="consoleAppender"/>  
    </logger>  
  
    <logger name="java.sql.Connection" additivity="true">  
        <level value="DEBUG"/>  
        <appender-ref ref="consoleAppender"/>  
    </logger>  
  
    <logger name="java.sql.Statement" additivity="true">  
        <level value="DEBUG"/>  
        <appender-ref ref="CONSOLE"/>  
    </logger>  
  
    <logger name="java.sql.PreparedStatement" additivity="true">  
        <level value="DEBUG"/>  
        <appender-ref ref="consoleAppender"/>  
    </logger> 
	
	 
	<category name="META-INF.ibatis">
		<priority value="DEBUG" />
	</category>
	
	<root>
		<level value="DEBUG" />
		<!--  <appender-ref ref="CONSOLE" />-->
		<appender-ref ref="consoleAppender" />
	</root>
	
	<!-- <root>    
        <priority value ="error" />    
        <appender-ref ref="FILE" />    
    </root>  -->
    
</log4j:configuration>