<?xml version="1.0" encoding="UTF-8"?>
<beans xmlns="http://www.springframework.org/schema/beans"
	xmlns:xsi="http://www.w3.org/2001/XMLSchema-instance" xmlns:context="http://www.springframework.org/schema/context"
	xmlns:aop="http://www.springframework.org/schema/aop"
	xmlns:mvc="http://www.springframework.org/schema/mvc"
	xsi:schemaLocation="
        http://www.springframework.org/schema/beans 
        http://www.springframework.org/schema/beans/spring-beans-4.2.xsd        
        http://www.springframework.org/schema/context 
        http://www.springframework.org/schema/context/spring-context-4.2.xsd
     	http://www.springframework.org/schema/aop 
     	http://www.springframework.org/schema/aop/spring-aop-4.2.xsd
		http://www.springframework.org/schema/mvc 
     	http://www.springframework.org/schema/mvc/spring-mvc-4.2.xsd">

	<context:component-scan base-package="com.qiqiim" />
	<context:annotation-config />
	<mvc:default-servlet-handler />
	<aop:aspectj-autoproxy proxy-target-class="true" />
    <mvc:annotation-driven />  
	
	 
	<mvc:annotation-driven>
		<mvc:message-converters register-defaults="true">
            <bean class="com.alibaba.fastjson.support.spring.FastJsonHttpMessageConverter">
                <property name="supportedMediaTypes">
                    <list>
                        <value>text/html;charset=UTF-8</value>
                        <value>application/json</value>
                    </list>
                </property>
                <property name="features">
                    <list>
                        <value>WriteMapNullValue</value>
                        <value>QuoteFieldNames</value>
                        <value>WriteDateUseDateFormat</value>
						<!-- 禁用fastjson循环引用检测 -->
						<value>DisableCircularReferenceDetect</value>
                    </list>
                </property>
            </bean>
        </mvc:message-converters>
	</mvc:annotation-driven>
	
	 
	
	<!-- JSP视图解析器  -->
    <bean id="viewResolver"
        class="org.springframework.web.servlet.view.InternalResourceViewResolver">
        <!-- <property name="viewClass" value="org.springframework.web.servlet.view.JstlView" /> -->
        <property name="prefix" value="/WEB-INF/page/" />
        <property name="suffix" value=".jsp" />
        <property name="order" value="1" />
    </bean>
 
	
	<bean id="multipartResolver"
		class="org.springframework.web.multipart.commons.CommonsMultipartResolver">
		<property name="maxUploadSize" value="100000000000" />
	</bean>
	
	<!-- Kaptcha验证码生成器 -->
	<!-- <bean name="producer" class="com.google.code.kaptcha.impl.DefaultKaptcha" scope="singleton">
	    <property name="config">
	        <bean class="com.google.code.kaptcha.util.Config">
	            <constructor-arg>
	                <props>
	                    <prop key="kaptcha.border">no</prop>
	                    <prop key="kaptcha.textproducer.font.color">black</prop>
	                    <prop key="kaptcha.textproducer.char.space">5</prop>
	                </props>
	            </constructor-arg>
	        </bean>
	    </property>
	</bean> -->
	
</beans>